"Grades Offered by District Report",,
"District Code",District,"Grade List"
00010000,Abington,"PK,K,1,2,3,4,5,6,7,8,9,10,11,12"
00020000,Acton,"PK,K,1,2,3,4,5,6"
00030000,Acushnet,"PK,K,1,2,3,4,5,6,7,8"
00050000,Agawam,"PK,K,1,2,3,4,5,6,7,8,9,10,11,12"
00070000,Amesbury,"PK,K,1,2,3,4,5,6,7,8,9,10,11,12"
00080000,Amherst,"PK,K,1,2,3,4,5,6"
00090000,Andover,"PK,K,1,2,3,4,5,6,7,8,9,10,11,12"
00100000,Arlington,"PK,K,1,2,3,4,5,6,7,8,9,10,11,12"
00140000,Ashland,"PK,K,1,2,3,4,5,6,7,8,9,10,11,12"
00160000,Attleboro,"PK,K,1,2,3,4,5,6,7,8,9,10,11,12"
00170000,Auburn,"PK,K,1,2,3,4,5,6,7,8,9,10,11,12"
00180000,Avon,"PK,K,1,2,3,4,5,6,7,8,9,10,11,12"
00200000,Barnstable,"PK,K,1,2,3,4,5,6,7,8,9,10,11,12"
00230000,Bedford,"PK,K,1,2,3,4,5,6,7,8,9,10,11,12"
00240000,Belchertown,"PK,K,1,2,3,4,5,6,7,8,9,10,11,12"
00250000,Bellingham,"PK,K,1,2,3,4,5,6,7,8,9,10,11,12"
00260000,Belmont,"PK,K,1,2,3,4,5,6,7,8,9,10,11,12"
00270000,Berkley,"PK,K,1,2,3,4,5,6,7,8"
00280000,Berlin,"PK,K,1,2,3,4,5"
00300000,Beverly,"PK,K,1,2,3,4,5,6,7,8,9,10,11,12"
00310000,Billerica,"PK,K,1,2,3,4,5,6,7,8,9,10,11,12"
00350000,Boston,"PK,K,1,2,3,4,5,6,7,8,9,10,11,12"
00360000,Bourne,"PK,K,1,2,3,4,5,6,7,8,9,10,11,12"
00370000,Boxborough,"PK,K,1,2,3,4,5,6"
00380000,Boxford,"PK,K,1,2,3,4,5,6"
00390000,Boylston,"PK,K,1,2,3,4,5"
00400000,Braintree,"PK,K,1,2,3,4,5,6,7,8,9,10,11,12"
00410000,Brewster,"PK,K,1,2,3,4,5"
00430000,Brimfield,"PK,K,1,2,3,4,5,6"
00440000,Brockton,"PK,K,1,2,3,4,5,6,7,8,9,10,11,12"
00450000,Brookfield,"PK,K,1,2,3,4,5,6"
00460000,Brookline,"PK,K,1,2,3,4,5,6,7,8,9,10,11,12"
00480000,Burlington,"PK,K,1,2,3,4,5,6,7,8,9,10,11,12"
00490000,Cambridge,"PK,K,1,2,3,4,5,6,7,8,9,10,11,12"
00500000,Canton,"PK,K,1,2,3,4,5,6,7,8,9,10,11,12"
00510000,Carlisle,"PK,K,1,2,3,4,5,6,7,8"
00520000,Carver,"PK,K,1,2,3,4,5,6,7,8,9,10,11,12"
00560000,Chelmsford,"PK,K,1,2,3,4,5,6,7,8,9,10,11,12"
00570000,Chelsea,"PK,K,1,2,3,4,5,6,7,8,9,10,11,12"
00610000,Chicopee,"PK,K,1,2,3,4,5,6,7,8,9,10,11,12"
00630000,Clarksburg,"K,1,2,3,4,5,6,7,8"
00640000,Clinton,"PK,K,1,2,3,4,5,6,7,8,9,10,11,12"
00650000,Cohasset,"PK,K,1,2,3,4,5,6,7,8,9,10,11,12"
00670000,Concord,"PK,K,1,2,3,4,5,6,7,8"
00680000,Conway,"PK,K,1,2,3,4,5,6"
00710000,Danvers,"PK,K,1,2,3,4,5,6,7,8,9,10,11,12"
00720000,Dartmouth,"PK,K,1,2,3,4,5,6,7,8,9,10,11,12"
00730000,Dedham,"PK,K,1,2,3,4,5,6,7,8,9,10,11,12"
00740000,Deerfield,"PK,K,1,2,3,4,5,6"
00770000,Douglas,"PK,K,1,2,3,4,5,6,7,8,9,10,11,12"
00780000,Dover,"K,1,2,3,4,5"
00790000,Dracut,"PK,K,1,2,3,4,5,6,7,8,9,10,11,12"
00820000,Duxbury,"PK,K,1,2,3,4,5,6,7,8,9,10,11,12"
00830000,"East Bridgewater","PK,K,1,2,3,4,5,6,7,8,9,10,11,12"
00850000,Eastham,"PK,K,1,2,3,4,5"
00860000,Easthampton,"PK,K,1,2,3,4,5,6,7,8,9,10,11,12"
00870000,"East Longmeadow","PK,K,1,2,3,4,5,6,7,8,9,10,11,12"
00880000,Easton,"PK,K,1,2,3,4,5,6,7,8,9,10,11,12"
00890000,Edgartown,"PK,K,1,2,3,4,5,6,7,8"
00910000,Erving,"PK,K,1,2,3,4,5,6"
00930000,Everett,"PK,K,1,2,3,4,5,6,7,8,9,10,11,12"
00940000,Fairhaven,"PK,K,1,2,3,4,5,6,7,8,9,10,11,12"
00950000,"Fall River","PK,K,1,2,3,4,5,6,7,8,9,10,11,12"
00960000,Falmouth,"PK,K,1,2,3,4,5,6,7,8,9,10,11,12"
00970000,Fitchburg,"PK,K,1,2,3,4,5,6,7,8,9,10,11,12"
00980000,Florida,"PK,K,1,2,3,4,5,6,7,8"
00990000,Foxborough,"PK,K,1,2,3,4,5,6,7,8,9,10,11,12"
01000000,Framingham,"PK,K,1,2,3,4,5,6,7,8,9,10,11,12"
01010000,Franklin,"PK,K,1,2,3,4,5,6,7,8,9,10,11,12"
01030000,Gardner,"PK,K,1,2,3,4,5,6,7,8,9,10,11,12"
01050000,Georgetown,"PK,K,1,2,3,4,5,6,7,8,9,10,11,12"
01070000,Gloucester,"PK,K,1,2,3,4,5,6,7,8,9,10,11,12"
01090000,Gosnold,"3,4"
01100000,Grafton,"PK,K,1,2,3,4,5,6,7,8,9,10,11,12"
01110000,Granby,"PK,K,1,2,3,4,5,6,7,8,9,10,11,12"
01140000,Greenfield,"PK,K,1,2,3,4,5,6,7,8,9,10,11,12"
01170000,Hadley,"PK,K,1,2,3,4,5,6,7,8,9,10,11,12"
01180000,Halifax,"K,1,2,3,4,5,6"
01210000,Hancock,"PK,K,1,2,3,4,5,6"
01220000,Hanover,"PK,K,1,2,3,4,5,6,7,8,9,10,11,12"
01250000,Harvard,"PK,K,1,2,3,4,5,6,7,8,9,10,11,12"
01270000,Hatfield,"PK,K,1,2,3,4,5,6,7,8,9,10,11,12"
01280000,Haverhill,"PK,K,1,2,3,4,5,6,7,8,9,10,11,12"
01310000,Hingham,"PK,K,1,2,3,4,5,6,7,8,9,10,11,12"
01330000,Holbrook,"PK,K,1,2,3,4,5,6,7,8,9,10,11,12"
01350000,Holland,"PK,K,1,2,3,4,5,6"
01360000,Holliston,"PK,K,1,2,3,4,5,6,7,8,9,10,11,12"
01370000,Holyoke,"PK,K,1,2,3,4,5,6,7,8,9,10,11,12"
01380000,Hopedale,"PK,K,1,2,3,4,5,6,7,8,9,10,11,12"
01390000,Hopkinton,"PK,K,1,2,3,4,5,6,7,8,9,10,11,12"
01410000,Hudson,"PK,K,1,2,3,4,5,6,7,8,9,10,11,12"
01420000,Hull,"PK,K,1,2,3,4,5,6,7,8,9,10,11,12"
01440000,Ipswich,"PK,K,1,2,3,4,5,6,7,8,9,10,11,12"
01450000,Kingston,"K,1,2,3,4,5,6"
01480000,Lanesborough,"K,1,2,3,4,5,6"
01490000,Lawrence,"PK,K,1,2,3,4,5,6,7,8,9,10,11,12"
01500000,Lee,"PK,K,1,2,3,4,5,6,7,8,9,10,11,12"
01510000,Leicester,"PK,K,1,2,3,4,5,6,7,8,9,10,11,12"
01520000,Lenox,"PK,K,1,2,3,4,5,6,7,8,9,10,11,12"
01530000,Leominster,"PK,K,1,2,3,4,5,6,7,8,9,10,11,12"
01540000,Leverett,"PK,K,1,2,3,4,5,6"
01550000,Lexington,"PK,K,1,2,3,4,5,6,7,8,9,10,11,12"
01570000,Lincoln,"PK,K,1,2,3,4,5,6,7,8"
01580000,Littleton,"PK,K,1,2,3,4,5,6,7,8,9,10,11,12"
01590000,Longmeadow,"PK,K,1,2,3,4,5,6,7,8,9,10,11,12"
01600000,Lowell,"PK,K,1,2,3,4,5,6,7,8,9,10,11,12"
01610000,Ludlow,"PK,K,1,2,3,4,5,6,7,8,9,10,11,12"
01620000,Lunenburg,"PK,K,1,2,3,4,5,6,7,8,9,10,11,12"
01630000,Lynn,"PK,K,1,2,3,4,5,6,7,8,9,10,11,12"
01640000,Lynnfield,"PK,K,1,2,3,4,5,6,7,8,9,10,11,12"
01650000,Malden,"PK,K,1,2,3,4,5,6,7,8,9,10,11,12"
01670000,Mansfield,"PK,K,1,2,3,4,5,6,7,8,9,10,11,12"
01680000,Marblehead,"PK,K,1,2,3,4,5,6,7,8,9,10,11,12"
01690000,Marion,"PK,K,1,2,3,4,5,6"
01700000,Marlborough,"PK,K,1,2,3,4,5,6,7,8,9,10,11,12"
01710000,Marshfield,"PK,K,1,2,3,4,5,6,7,8,9,10,11,12"
01720000,Mashpee,"PK,K,1,2,3,4,5,6,7,8,9,10,11,12"
01730000,Mattapoisett,"PK,K,1,2,3,4,5,6"
01740000,Maynard,"PK,K,1,2,3,4,5,6,7,8,9,10,11,12"
01750000,Medfield,"PK,K,1,2,3,4,5,6,7,8,9,10,11,12"
01760000,Medford,"PK,K,1,2,3,4,5,6,7,8,9,10,11,12"
01770000,Medway,"PK,K,1,2,3,4,5,6,7,8,9,10,11,12"
01780000,Melrose,"PK,K,1,2,3,4,5,6,7,8,9,10,11,12"
01810000,Methuen,"PK,K,1,2,3,4,5,6,7,8,9,10,11,12"
01820000,Middleborough,"PK,K,1,2,3,4,5,6,7,8,9,10,11,12"
01840000,Middleton,"PK,K,1,2,3,4,5,6"
01850000,Milford,"PK,K,1,2,3,4,5,6,7,8,9,10,11,12"
01860000,Millbury,"PK,K,1,2,3,4,5,6,7,8,9,10,11,12"
01870000,Millis,"PK,K,1,2,3,4,5,6,7,8,9,10,11,12"
01890000,Milton,"PK,K,1,2,3,4,5,6,7,8,9,10,11,12"
01910000,Monson,"PK,K,1,2,3,4,5,6,7,8,9,10,11,12"
01960000,Nahant,"PK,K,1,2,3,4,5,6"
01970000,Nantucket,"PK,K,1,2,3,4,5,6,7,8,9,10,11,12"
01980000,Natick,"PK,K,1,2,3,4,5,6,7,8,9,10,11,12"
01990000,Needham,"PK,K,1,2,3,4,5,6,7,8,9,10,11,12"
02010000,"New Bedford","PK,K,1,2,3,4,5,6,7,8,9,10,11,12"
02040000,Newburyport,"PK,K,1,2,3,4,5,6,7,8,9,10,11,12"
02070000,Newton,"PK,K,1,2,3,4,5,6,7,8,9,10,11,12"
02080000,Norfolk,"PK,K,1,2,3,4,5,6"
02090000,"North Adams","PK,K,1,2,3,4,5,6,7,8,9,10,11,12"
02100000,Northampton,"PK,K,1,2,3,4,5,6,7,8,9,10,11,12"
02110000,"North Andover","PK,K,1,2,3,4,5,6,7,8,9,10,11,12"
02120000,"North Attleborough","PK,K,1,2,3,4,5,6,7,8,9,10,11,12"
02130000,Northborough,"PK,K,1,2,3,4,5,6,7,8"
02140000,Northbridge,"PK,K,1,2,3,4,5,6,7,8,9,10,11,12"
02150000,"North Brookfield","PK,K,1,2,3,4,5,6,7,8,9,10,11,12"
02170000,"North Reading","PK,K,1,2,3,4,5,6,7,8,9,10,11,12"
02180000,Norton,"PK,K,1,2,3,4,5,6,7,8,9,10,11,12"
02190000,Norwell,"PK,K,1,2,3,4,5,6,7,8,9,10,11,12"
02200000,Norwood,"PK,K,1,2,3,4,5,6,7,8,9,10,11,12"
02210000,"Oak Bluffs","PK,K,1,2,3,4,5,6,7,8"
02230000,Orange,"PK,K,1,2,3,4,5,6"
02240000,Orleans,"K,1,2,3,4,5"
02260000,Oxford,"PK,K,1,2,3,4,5,6,7,8,9,10,11,12"
02270000,Palmer,"PK,K,1,2,3,4,5,6,7,8,9,10,11,12"
02290000,Peabody,"PK,K,1,2,3,4,5,6,7,8,9,10,11,12"
02300000,Pelham,"K,1,2,3,4,5,6"
02310000,Pembroke,"PK,K,1,2,3,4,5,6,7,8,9,10,11,12"
02340000,Petersham,"K,1,2,3,4,5,6"
02360000,Pittsfield,"PK,K,1,2,3,4,5,6,7,8,9,10,11,12"
02380000,Plainville,"PK,K,1,2,3,4,5,6"
02390000,Plymouth,"PK,K,1,2,3,4,5,6,7,8,9,10,11,12"
02400000,Plympton,"K,1,2,3,4,5,6"
02420000,Provincetown,"PK,K,1,2,3,4,5,6,7,8"
02430000,Quincy,"PK,K,1,2,3,4,5,6,7,8,9,10,11,12"
02440000,Randolph,"PK,K,1,2,3,4,5,6,7,8,9,10,11,12"
02460000,Reading,"PK,K,1,2,3,4,5,6,7,8,9,10,11,12"
02480000,Revere,"PK,K,1,2,3,4,5,6,7,8,9,10,11,12"
02490000,Richmond,"PK,K,1,2,3,4,5,6,7,8"
02500000,Rochester,"PK,K,1,2,3,4,5,6"
02510000,Rockland,"PK,K,1,2,3,4,5,6,7,8,9,10,11,12"
02520000,Rockport,"PK,K,1,2,3,4,5,6,7,8,9,10,11,12"
02530000,Rowe,"PK,K,1,2,3,4,5,6"
02580000,Salem,"PK,K,1,2,3,4,5,6,7,8,9,10,11,12"
02610000,Sandwich,"PK,K,1,2,3,4,5,6,7,8,9,10,11,12"
02620000,Saugus,"PK,K,1,2,3,4,5,6,7,8,9,10,11,12"
02630000,Savoy,"PK,K,1,2,3,4,5"
02640000,Scituate,"PK,K,1,2,3,4,5,6,7,8,9,10,11,12"
02650000,Seekonk,"PK,K,1,2,3,4,5,6,7,8,9,10,11,12"
02660000,Sharon,"PK,K,1,2,3,4,5,6,7,8,9,10,11,12"
02690000,Sherborn,"PK,K,1,2,3,4,5"
02710000,Shrewsbury,"PK,K,1,2,3,4,5,6,7,8,9,10,11,12"
02720000,Shutesbury,"PK,K,1,2,3,4,5,6"
02730000,Somerset,"PK,K,1,2,3,4,5,6,7,8"
02740000,Somerville,"PK,K,1,2,3,4,5,6,7,8,9,10,11,12"
02750000,Southampton,"PK,K,1,2,3,4,5,6"
02760000,Southborough,"PK,K,1,2,3,4,5,6,7,8"
02770000,Southbridge,"PK,K,1,2,3,4,5,6,7,8,9,10,11,12"
02780000,"South Hadley","PK,K,1,2,3,4,5,6,7,8,9,10,11,12"
02810000,Springfield,"PK,K,1,2,3,4,5,6,7,8,9,10,11,12"
02840000,Stoneham,"PK,K,1,2,3,4,5,6,7,8,9,10,11,12"
02850000,Stoughton,"PK,K,1,2,3,4,5,6,7,8,9,10,11,12"
02870000,Sturbridge,"PK,K,1,2,3,4,5,6"
02880000,Sudbury,"PK,K,1,2,3,4,5,6,7,8"
02890000,Sunderland,"PK,K,1,2,3,4,5,6"
02900000,Sutton,"PK,K,1,2,3,4,5,6,7,8,9,10,11,12"
02910000,Swampscott,"PK,K,1,2,3,4,5,6,7,8,9,10,11,12"
02920000,Swansea,"PK,K,1,2,3,4,5,6,7,8,9,10,11,12"
02930000,Taunton,"PK,K,1,2,3,4,5,6,7,8,9,10,11,12"
02950000,Tewksbury,"PK,K,1,2,3,4,5,6,7,8,9,10,11,12"
02960000,Tisbury,"PK,K,1,2,3,4,5,6,7,8"
02980000,Topsfield,"PK,K,1,2,3,4,5,6"
03000000,Truro,"PK,K,1,2,3,4,5,6"
03010000,Tyngsborough,"PK,K,1,2,3,4,5,6,7,8,9,10,11,12"
03040000,Uxbridge,"PK,K,1,2,3,4,5,6,7,8,9,10,11,12"
03050000,Wakefield,"PK,K,1,2,3,4,5,6,7,8,9,10,11,12"
03060000,Wales,"PK,K,1,2,3,4,5,6"
03070000,Walpole,"PK,K,1,2,3,4,5,6,7,8,9,10,11,12"
03080000,Waltham,"PK,K,1,2,3,4,5,6,7,8,9,10,11,12"
03090000,Ware,"PK,K,1,2,3,4,5,6,7,8,9,10,11,12"
03100000,Wareham,"PK,K,1,2,3,4,5,6,7,8,9,10,11,12"
03140000,Watertown,"PK,K,1,2,3,4,5,6,7,8,9,10,11,12"
03150000,Wayland,"PK,K,1,2,3,4,5,6,7,8,9,10,11,12"
03160000,Webster,"PK,K,1,2,3,4,5,6,7,8,9,10,11,12"
03170000,Wellesley,"PK,K,1,2,3,4,5,6,7,8,9,10,11,12"
03180000,Wellfleet,"PK,K,1,2,3,4,5"
03210000,Westborough,"PK,K,1,2,3,4,5,6,7,8,9,10,11,12"
03220000,"West Boylston","PK,K,1,2,3,4,5,6,7,8,9,10,11,12"
03230000,"West Bridgewater","PK,K,1,2,3,4,5,6,7,8,9,10,11,12"
03250000,Westfield,"PK,K,1,2,3,4,5,6,7,8,9,10,11,12"
03260000,Westford,"PK,K,1,2,3,4,5,6,7,8,9,10,11,12"
03270000,Westhampton,"PK,K,1,2,3,4,5,6"
03300000,Weston,"PK,K,1,2,3,4,5,6,7,8,9,10,11,12"
03310000,Westport,"PK,K,1,2,3,4,5,6,7,8,9,10,11,12"
03320000,"West Springfield","PK,K,1,2,3,4,5,6,7,8,9,10,11,12"
03350000,Westwood,"PK,K,1,2,3,4,5,6,7,8,9,10,11,12"
03360000,Weymouth,"PK,K,1,2,3,4,5,6,7,8,9,10,11,12"
03370000,Whately,"PK,K,1,2,3,4,5,6"
03400000,Williamsburg,"PK,K,1,2,3,4,5,6"
03410000,Williamstown,"PK,K,1,2,3,4,5,6"
03420000,Wilmington,"PK,K,1,2,3,4,5,6,7,8,9,10,11,12"
03430000,Winchendon,"PK,K,1,2,3,4,5,6,7,8,9,10,11,12"
03440000,Winchester,"PK,K,1,2,3,4,5,6,7,8,9,10,11,12"
03460000,Winthrop,"PK,K,1,2,3,4,5,6,7,8,9,10,11,12"
03470000,Woburn,"PK,K,1,2,3,4,5,6,7,8,9,10,11,12"
03480000,Worcester,"PK,K,1,2,3,4,5,6,7,8,9,10,11,12"
03500000,Wrentham,"PK,K,1,2,3,4,5,6"
03700000,"Institutional Schools","1,2,3,4,5,6,7,8,9,10,11,12"
04060000,"Northampton-Smith Vocational Agricultural","9,10,11,12"
04070000,"Dudley Street Neighborhood Charter School (District)","PK,K,1,2"
04090000,"Alma del Mar Charter School (District)","K,1,2,3,4"
04100000,"Excel Academy Charter (District)","5,6,7,8"
04110000,"Boston Green Academy Horace Mann Charter School (District)","9,10,11,12"
04120000,"Academy Of the Pacific Rim Charter Public (District)","5,6,7,8,9,10,11,12"
04130000,"Four Rivers Charter Public (District)","7,8,9,10,11,12"
04140000,"Berkshire Arts and Technology Charter Public (District)","6,7,8,9,10,11,12"
04150000,"Amesbury Academy Charter Public (District)","9,10,11,12"
04160000,"Boston Preparatory Charter Public (District)","6,7,8,9,10,11,12"
04170000,"Bridge Boston Charter School (District)","PK,K,1,2"
04180000,"Christa McAuliffe Regional Charter Public (District)","6,7,8"
04190000,"Smith Leadership Academy Charter Public (District)","6,7,8"
04200000,"Benjamin Banneker Charter Public (District)","K,1,2,3,4,5,6"
04240000,"Boston Day and Evening Academy Charter (District)","9,10,11,12"
04260000,"Community Day Charter Public School - Gateway (District)","PK,K,1,2"
04270000,"Barnstable Community Horace Mann Charter Public (District)","K,1,2,3"
04280000,"Brooke Charter School Roslindale (District)","K,1,2,3,4,5,6,7,8"
04290000,"KIPP Academy Lynn Charter (District)","5,6,7,8,9,10,11"
04300000,"Advanced Math and Science Academy Charter (District)","6,7,8,9,10,11,12"
04310000,"Community Day Charter Public School - R. Kingman Webster (District)","PK,K,1,2"
04320000,"Cape Cod Lighthouse Charter (District)","6,7,8"
04350000,"Innovation Academy Charter (District)","5,6,7,8,9,10,11,12"
04360000,"Community Charter School of Cambridge (District)","7,8,9,10,11,12"
04370000,"City On A Hill Charter Public (District)","9,10,11,12"
04380000,"Codman Academy Charter Public (District)","PK,K,9,10,11,12"
04390000,"Conservatory Lab Charter (District)","PK,K,1,2,3,4,5,6,7"
04400000,"Community Day Charter Public School - Prospect (District)","PK,K,1,2,3,4,5,6,7,8"
04410000,"Sabis International Charter (District)","K,1,2,3,4,5,6,7,8,9,10,11,12"
04430000,"Brooke Charter School Mattapan (District)","K,1,2,3,5,6,7"
04440000,"Neighborhood House Charter (District)","PK,K,1,2,3,4,5,6,7,8"
04450000,"Abby Kelley Foster Charter Public (District)","K,1,2,3,4,5,6,7,8,9,10,11,12"
04460000,"Foxborough Regional Charter (District)","K,1,2,3,4,5,6,7,8,9,10,11,12"
04470000,"Benjamin Franklin Classical Charter Public (District)","K,1,2,3,4,5,6,7,8"
04490000,"Boston Collegiate Charter (District)","5,6,7,8,9,10,11,12"
04500000,"Hilltown Cooperative Charter Public (District)","K,1,2,3,4,5,6,7,8"
04520000,"Edward M. Kennedy Academy for Health Careers (Horace Mann Charter) (District)","9,10,11,12"
04530000,"Holyoke Community Charter (District)","K,1,2,3,4,5,6,7,8"
04540000,"Lawrence Family Development Charter (District)","K,1,2,3,4,5,6,7,8"
04550000,"Hill View Montessori Charter Public (District)","K,1,2,3,4,5,6,7,8"
04560000,"Lowell Community Charter Public (District)","K,1,2,3,4,5,6"
04570000,"Brooke Charter School East Boston (District)","K,1,2,5,6"
04580000,"Lowell Middlesex Academy Charter (District)","9,10,11,12"
04590000,"Excel Academy Charter School - Boston II (District)","5,6"
04610000,"Excel Academy Charter School - Chelsea (District)","5,6,7"
04630000,"KIPP Academy Boston Charter School (District)","5,6"
04640000,"Marblehead Community Charter Public (District)","4,5,6,7,8"
04650000,"MATCH Community Day Charter Public School (District)","PK,K,1,2,3,4"
04660000,"Martha's Vineyard Charter (District)","K,1,2,3,4,5,6,7,8,9,10,11,12"
04670000,"Salem Community Charter School (District)","9,10,11,12"
04680000,"Ma Academy for Math and Science","11,12"
04690000,"MATCH Charter Public School (District)","6,7,8,9,10,11,12"
04700000,"Mystic Valley Regional Charter (District)","K,1,2,3,4,5,6,7,8,9,10,11,12"
04740000,"North Central Charter Essential (District)","7,8,9,10,11,12"
04750000,"Dorchester Collegiate Academy Charter (District)","4,5,6,7,8"
04760000,"Spirit of Knowledge Charter School (District)","7,8,9,10,11,12"
04770000,"Silver Hill Horace Mann Charter (District)","K,1,2,3,4,5"
04780000,"Francis W. Parker Charter Essential (District)","7,8,9,10,11,12"
04790000,"Pioneer Valley Performing Arts Charter Public (District)","7,8,9,10,11,12"
04800000,"UP Academy Charter School of Boston (District)","6,7,8"
04810000,"Boston Renaissance Charter Public (District)","PK,K,1,2,3,4,5,6"
04820000,"River Valley Charter (District)","K,1,2,3,4,5,6,7,8"
04830000,"Rising Tide Charter Public (District)","5,6,7,8,9,10,11"
04840000,"Roxbury Preparatory Charter (District)","5,6,7,8"
04850000,"Salem Academy Charter (District)","6,7,8,9,10,11,12"
04860000,"Seven Hills Charter Public (District)","K,1,2,3,4,5,6,7,8"
04870000,"Prospect Hill Academy Charter (District)","K,1,2,3,4,5,6,7,8,9,10,11,12"
04880000,"South Shore Charter Public (District)","K,1,2,3,4,5,6,7,8,9,10,11,12"
04890000,"Sturgis Charter Public (District)","9,10,11,12"
04910000,"Atlantis Charter (District)","K,1,2,3,4,5,6,7,8"
04920000,"Martin Luther King Jr. Charter School of Excellence (District)","K,1,2,3,4,5"
04930000,"Phoenix Charter Academy (District)","9,10,11,12"
04940000,"Pioneer Charter School of Science (District)","7,8,9,10,11,12"
04960000,"Global Learning Charter Public (District)","5,6,7,8,9,10,11,12"
04970000,"Pioneer Valley Chinese Immersion Charter(District)","K,1,2,3,4,5,6,7,8,9"
04980000,"Veritas Preparatory Charter School (District)","5,6"
04990000,"Hampden Charter School of Science (District)","6,7,8,9,10,11,12"
06000000,Acton-Boxborough,"7,8,9,10,11,12"
06030000,Adams-Cheshire,"PK,K,1,2,3,4,5,6,7,8,9,10,11,12"
06050000,Amherst-Pelham,"7,8,9,10,11,12"
06100000,Ashburnham-Westminster,"PK,K,1,2,3,4,5,6,7,8,9,10,11,12"
06150000,Athol-Royalston,"PK,K,1,2,3,4,5,6,7,8,9,10,11,12"
06160000,"Ayer Shirley School District","PK,K,1,2,3,4,5,6,7,8,9,10,11,12"
06180000,"Berkshire Hills","PK,K,1,2,3,4,5,6,7,8,9,10,11,12"
06200000,Berlin-Boylston,"6,7,8,9,10,11,12"
06220000,Blackstone-Millville,"PK,K,1,2,3,4,5,6,7,8,9,10,11,12"
06250000,Bridgewater-Raynham,"PK,K,1,2,3,4,5,6,7,8,9,10,11,12"
06320000,Chesterfield-Goshen,"PK,K,1,2,3,4,5,6"
06350000,"Central Berkshire","PK,K,1,2,3,4,5,6,7,8,9,10,11,12"
06400000,Concord-Carlisle,"9,10,11,12"
06450000,Dennis-Yarmouth,"PK,K,1,2,3,4,5,6,7,8,9,10,11,12"
06500000,Dighton-Rehoboth,"PK,K,1,2,3,4,5,6,7,8,9,10,11,12"
06550000,Dover-Sherborn,"6,7,8,9,10,11,12"
06580000,"Dudley-Charlton Reg","PK,K,1,2,3,4,5,6,7,8,9,10,11,12"
06600000,Nauset,"6,7,8,9,10,11,12"
06620000,"Farmington River Reg","PK,K,1,2,3,4,5,6"
06650000,Freetown-Lakeville,"PK,K,1,2,3,4,5,6,7,8,9,10,11,12"
06700000,Frontier,"7,8,9,10,11,12"
06720000,Gateway,"PK,K,1,2,3,4,5,6,7,8,9,10,11,12"
06730000,Groton-Dunstable,"PK,K,1,2,3,4,5,6,7,8,9,10,11,12"
06740000,Gill-Montague,"PK,K,1,2,3,4,5,6,7,8,9,10,11,12"
06750000,Hamilton-Wenham,"PK,K,1,2,3,4,5,6,7,8,9,10,11,12"
06800000,Hampden-Wilbraham,"PK,K,1,2,3,4,5,6,7,8,9,10,11,12"
06830000,Hampshire,"7,8,9,10,11,12"
06850000,Hawlemont,"PK,K,1,2,3,4,5,6"
06900000,"King Philip","7,8,9,10,11,12"
06950000,Lincoln-Sudbury,"9,10,11,12"
06980000,"Manchester Essex Regional","PK,K,1,2,3,4,5,6,7,8,9,10,11,12"
07000000,"Martha's Vineyard","9,10,11,12"
07050000,Masconomet,"7,8,9,10,11,12"
07100000,Mendon-Upton,"PK,K,1,2,3,4,5,6,7,8,9,10,11,12"
07120000,"Monomoy Regional School District","PK,K,1,2,3,4,5,6,7,8,9,10,11,12"
07150000,"Mount Greylock","7,8,9,10,11,12"
07170000,"Mohawk Trail","PK,K,1,2,3,4,5,6,7,8,9,10,11,12"
07200000,Narragansett,"PK,K,1,2,3,4,5,6,7,8,9,10,11,12"
07250000,Nashoba,"PK,K,1,2,3,4,5,6,7,8,9,10,11,12"
07280000,"New Salem-Wendell","PK,K,1,2,3,4,5,6"
07300000,Northboro-Southboro,"9,10,11,12"
07350000,"North Middlesex","PK,K,1,2,3,4,5,6,7,8,9,10,11,12"
07400000,"Old Rochester","7,8,9,10,11,12"
07450000,Pentucket,"PK,K,1,2,3,4,5,6,7,8,9,10,11,12"
07500000,"Pioneer Valley","PK,K,1,2,3,4,5,6,7,8,9,10,11,12"
07530000,Quabbin,"PK,K,1,2,3,4,5,6,7,8,9,10,11,12"
07550000,"Ralph C Mahar","7,8,9,10,11,12"
07600000,"Silver Lake","PK,7,8,9,10,11,12"
07630000,"Somerset Berkley Regional School District","9,10,11,12"
07650000,"Southern Berkshire","PK,K,1,2,3,4,5,6,7,8,9,10,11,12"
07660000,"Southwick-Tolland-Granville Regional School District","PK,K,1,2,3,4,5,6,7,8,9,10,11,12"
07670000,"Spencer-E Brookfield","PK,K,1,2,3,4,5,6,7,8,9,10,11,12"
07700000,Tantasqua,"7,8,9,10,11,12"
07730000,Triton,"PK,K,1,2,3,4,5,6,7,8,9,10,11,12"
07740000,"Up-Island Regional","PK,K,1,2,3,4,5,6,7,8"
07750000,Wachusett,"PK,K,1,2,3,4,5,6,7,8,9,10,11,12"
07780000,"Quaboag Regional","PK,K,1,2,3,4,5,6,7,8,9,10,11,12"
07800000,Whitman-Hanson,"PK,K,1,2,3,4,5,6,7,8,9,10,11,12"
08010000,"Assabet Valley Regional Vocational Technical","9,10,11,12"
08050000,"Blackstone Valley Regional Vocational Technical","9,10,11,12"
08060000,"Blue Hills Regional Vocational Technical","9,10,11,12"
08100000,"Bristol-Plymouth Regional Vocational Technical","9,10,11,12"
08150000,"Cape Cod Regional Vocational Technical","9,10,11,12"
08180000,"Franklin County Regional Vocational Technical","9,10,11,12"
08210000,"Greater Fall River Regional Vocational Technical","9,10,11,12"
08230000,"Greater Lawrence Regional Vocational Technical","9,10,11,12"
08250000,"Greater New Bedford Regional Vocational Technical","9,10,11,12"
08280000,"Greater Lowell Regional Vocational Technical","9,10,11,12"
08290000,"South Middlesex Regional Vocational Technical","9,10,11,12"
08300000,"Minuteman Regional Vocational Technical","9,10,11,12"
08320000,"Montachusett Regional Vocational Technical","9,10,11,12"
08510000,"Northern Berkshire Regional Vocational Technical","9,10,11,12"
08520000,"Nashoba Valley Regional Vocational Technical","9,10,11,12"
08530000,"Northeast Metropolitan Regional Vocational Technical","9,10,11,12"
08540000,"North Shore Regional Vocational Technical","9,10,11,12"
08550000,"Old Colony Regional Vocational Technical","9,10,11,12"
08600000,"Pathfinder Regional Vocational Technical","9,10,11,12"
08710000,"Shawsheen Valley Regional Vocational Technical","9,10,11,12"
08720000,"Southeastern Regional Vocational Technical","9,10,11,12"
08730000,"South Shore Regional Vocational Technical","9,10,11,12"
08760000,"Southern Worcester County Regional Vocational Technical","9,10,11,12"
08780000,"Tri County Regional Vocational Technical","9,10,11,12"
08790000,"Upper Cape Cod Regional Vocational Technical","9,10,11,12"
08850000,"Whittier Regional Vocational Technical","9,10,11,12"
09100000,"Bristol County Agricultural","9,10,11,12"
09130000,"Essex Agricultural Technical","9,10,11,12"
09150000,"Norfolk County Agricultural","9,10,11,12"
35010000,"Paulo Freire Social Justice Charter School (District)","9,10"
35020000,"Baystate Academy Charter Public School (District)","6,7"
35030000,"Lowell Collegiate Charter School (District)","K,1,2,3"
35040000,"City on a Hill Charter Public School II (District)",9
35050000,"UP Academy Charter School of Dorchester (District)","PK,K,1,2,3,4,5"
35060000,"Pioneer Charter School of Science II (PCSS-II) (District)","7,8,9"
39010000,"Massachusetts Virtual Academy at Greenfield Commonwealth Virtual District","K,1,2,3,4,5,6,7,8,9,10,11,12"
